key	catalog_key	colours	skus	name_ru_before	name_ru	name_en	name_hy
|built-in linea aesthetic	|built-in linea aesthetic	2	4	Встраиваемая коллекция Linea	Встраиваемая коллекция Linea	Built-in Linea Aesthetic	Ներկառուցվող Linea Aesthetic
|built-in wine cooler linea aesthetic	|built-in wine cooler linea aesthetic	2	5	Встраиваемый винный шкаф Linea	Встраиваемый винный шкаф Linea	Built-in Wine Cooler Linea Aesthetic	Ներկառուցվող գինու պահարան Linea Aesthetic
|ceiling hood 120 cm universale aesthetic	|ceiling hood 120 cm universale aesthetic	2	3	Потолочная вытяжка 120 см, эстетика Universale	Потолочная вытяжка 120 см, эстетика Universale	Ceiling hood 120 cm Universale Aesthetic	Առաստաղի օդաքաշ 120 սմ, Universale էսթետիկա
|ceiling hood 90 cm universale aesthetic	|ceiling hood 90 cm universale aesthetic	2	4	Потолочная вытяжка 90 см, эстетика Universale	Потолочная вытяжка 90 см, эстетика Universale	Ceiling hood 90 cm Universale Aesthetic	Առաստաղի օդաքաշ 90 սմ, Universale էսթետիկա
|chimney extension accessory for: hoods universale	|chimney extension accessory for: hoods universale	2	2	Удлинитель дымохода, аксессуар для: вытяжки Universale	Удлинитель дымохода, аксессуар для: вытяжки Universale	Chimney extension Accessory for: Hoods Universale	Ծխնելույզի երկարացուցիչ, պարագա՝ օդաքաշների Universale համար
|decorative island hood 120 cm universale aesthetic	|decorative island hood 120 cm universale aesthetic	3	3	Декоративная островная вытяжка 120 см, эстетика Universale	Декоративная островная вытяжка 120 см, эстетика Universale	Decorative island hood 120 cm Universale Aesthetic	Դեկորատիվ կղզյակային օդաքաշ 120 սմ, Universale էսթետիկա
|decorative island hood 90 cm cortina aesthetic	|decorative island hood 90 cm cortina aesthetic	2	2	Декоративная островная вытяжка 90 см, эстетика Cortina	Декоративная островная вытяжка 90 см, эстетика Cortina	Decorative island hood 90 cm Cortina Aesthetic	Դեկորատիվ կղզյակային օդաքաշ 90 սմ, Cortina էսթետիկա
|decorative island hood 90 cm universale aesthetic	|decorative island hood 90 cm universale aesthetic	3	5	Декоративная островная вытяжка 90 см, эстетика Universale	Декоративная островная вытяжка 90 см, эстетика Universale	Decorative island hood 90 cm Universale Aesthetic	Դեկորատիվ կղզյակային օդաքաշ 90 սմ, Universale էսթետիկա
|decorative wall hood 100 cm victoria aesthetic	|decorative wall hood 100 cm victoria aesthetic	3	3	Декоративная настенная вытяжка 100 см, эстетика Victoria	Декоративная настенная вытяжка 100 см, эстетика Victoria	Decorative wall hood 100 cm Victoria Aesthetic	Դեկորատիվ պատի օդաքաշ 100 սմ, Victoria էսթետիկա
|decorative wall hood 110 cm universale aesthetic	|decorative wall hood 110 cm universale aesthetic	2	2	Декоративная настенная вытяжка 110 см, эстетика Universale	Декоративная настенная вытяжка 110 см, эстетика Universale	Decorative wall hood 110 cm Universale Aesthetic	Դեկորատիվ պատի օդաքաշ 110 սմ, Universale էսթետիկա
|decorative wall hood 110 cm victoria aesthetic	|decorative wall hood 110 cm victoria aesthetic	4	4	Декоративная настенная вытяжка 110 см, эстетика Victoria	Декоративная настенная вытяжка 110 см, эстетика Victoria	Decorative wall hood 110 cm Victoria Aesthetic	Դեկորատիվ պատի օդաքաշ 110 սմ, Victoria էսթետիկա
|decorative wall hood 120 cm portofino aesthetic	|decorative wall hood 120 cm portofino aesthetic	5	5	Декоративная настенная вытяжка 120 см, эстетика Portofino	Декоративная настенная вытяжка 120 см, эстетика Portofino	Decorative wall hood 120 cm Portofino Aesthetic	Դեկորատիվ պատի օդաքաշ 120 սմ, Portofino էսթետիկա
|decorative wall hood 60 cm coloniale aesthetic	|decorative wall hood 60 cm coloniale aesthetic	2	2	Декоративная настенная вытяжка 60 см, эстетика Coloniale	Декоративная настенная вытяжка 60 см, эстетика Coloniale	Decorative wall hood 60 cm Coloniale Aesthetic	Դեկորատիվ պատի օդաքաշ 60 սմ, Coloniale էսթետիկա
|decorative wall hood 60 cm cortina aesthetic	|decorative wall hood 60 cm cortina aesthetic	2	2	Декоративная настенная вытяжка 60 см, эстетика Cortina	Декоративная настенная вытяжка 60 см, эстетика Cortina	Decorative wall hood 60 cm Cortina Aesthetic	Դեկորատիվ պատի օդաքաշ 60 սմ, Cortina էսթետիկա
|decorative wall hood 60 cm universale aesthetic	|decorative wall hood 60 cm universale aesthetic	4	11	Декоративная настенная вытяжка 60 см, эстетика Universale	Декоративная настенная вытяжка 60 см, эстетика Universale	Decorative wall hood 60 cm Universale Aesthetic	Դեկորատիվ պատի օդաքաշ 60 սմ, Universale էսթետիկա
|decorative wall hood 60 cm victoria aesthetic	|decorative wall hood 60 cm victoria aesthetic	3	3	Декоративная настенная вытяжка 60 см, эстетика Victoria	Декоративная настенная вытяжка 60 см, эстетика Victoria	Decorative wall hood 60 cm Victoria Aesthetic	Դեկորատիվ պատի օդաքաշ 60 սմ, Victoria էսթետիկա
|decorative wall hood 75 cm 50's style aesthetic	|decorative wall hood 75 cm 50's style aesthetic	3	3	Декоративная настенная вытяжка 75 см, эстетика 50's Style	Декоративная настенная вытяжка 75 см, эстетика 50's Style	Decorative wall hood 75 cm 50's Style Aesthetic	Դեկորատիվ պատի օդաքաշ 75 սմ, 50's Style էսթետիկա
|decorative wall hood 90 cm classica aesthetic	|decorative wall hood 90 cm classica aesthetic	3	3	Декоративная настенная вытяжка 90 см, эстетика Classica	Декоративная настенная вытяжка 90 см, эстетика Classica	Decorative wall hood 90 cm Classica Aesthetic	Դեկորատիվ պատի օդաքաշ 90 սմ, Classica էսթետիկա
|decorative wall hood 90 cm coloniale aesthetic	|decorative wall hood 90 cm coloniale aesthetic	2	3	Декоративная настенная вытяжка 90 см, эстетика Coloniale	Декоративная настенная вытяжка 90 см, эстетика Coloniale	Decorative wall hood 90 cm Coloniale Aesthetic	Դեկորատիվ պատի օդաքաշ 90 սմ, Coloniale էսթետիկա
|decorative wall hood 90 cm cortina aesthetic	|decorative wall hood 90 cm cortina aesthetic	2	2	Декоративная настенная вытяжка 90 см, эстетика Cortina	Декоративная настенная вытяжка 90 см, эстетика Cortina	Decorative wall hood 90 cm Cortina Aesthetic	Դեկորատիվ պատի օդաքաշ 90 սմ, Cortina էսթետիկա
|decorative wall hood 90 cm linea aesthetic	|decorative wall hood 90 cm linea aesthetic	2	2	Декоративная настенная вытяжка 90 см, эстетика Linea	Декоративная настенная вытяжка 90 см, эстетика Linea	Decorative wall hood 90 cm Linea Aesthetic	Դեկորատիվ պատի օդաքաշ 90 սմ, Linea էսթետիկա
|decorative wall hood 90 cm portofino aesthetic	|decorative wall hood 90 cm portofino aesthetic	8	8	Декоративная настенная вытяжка 90 см, эстетика Portofino	Декоративная настенная вытяжка 90 см, эстетика Portofino	Decorative wall hood 90 cm Portofino Aesthetic	Դեկորատիվ պատի օդաքաշ 90 սմ, Portofino էսթետիկա
|decorative wall hood 90 cm universale aesthetic	|decorative wall hood 90 cm universale aesthetic	6	21	Декоративная настенная вытяжка 90 см, эстетика Universale	Декоративная настенная вытяжка 90 см, эстетика Universale	Decorative wall hood 90 cm Universale Aesthetic	Դեկորատիվ պատի օդաքաշ 90 սմ, Universale էսթետիկա
|decorative wall hood 90 cm victoria aesthetic	|decorative wall hood 90 cm victoria aesthetic	5	7	Декоративная настенная вытяжка 90 см, эстетика Victoria	Декоративная настенная вытяжка 90 см, эстетика Victoria	Decorative wall hood 90 cm Victoria Aesthetic	Դեկորատիվ պատի օդաքաշ 90 սմ, Victoria էսթետիկա
|double lever filtered water kitchen tap 50's style aesthetic	|double lever filtered water kitchen tap 50's style aesthetic	3	3	Кухонный смеситель с двумя рычагами и фильтрованной водой, эстетика 50's Style	Кухонный смеситель с двумя рычагами и фильтрованной водой, эстетика 50's Style	Double lever filtered water kitchen tap 50's Style Aesthetic	Երկու լծակով խոհանոցային ծորակ զտված ջրով, 50's Style էսթետիկա
|double lever filtered water kitchen tap universale aesthetic	|double lever filtered water kitchen tap universale aesthetic	2	3	Кухонный смеситель с двумя рычагами и фильтрованной водой, эстетика Universale	Кухонный смеситель с двумя рычагами и фильтрованной водой, эстетика Universale	Double lever filtered water kitchen tap Universale Aesthetic	Երկու լծակով խոհանոցային ծորակ զտված ջրով, Universale էսթետիկա
|hand mixer 50's style aesthetic	|hand mixer 50's style aesthetic	7	7	Ручной миксер эстетика 50's Style	Ручной миксер эстетика 50's Style	Hand Mixer 50's Style Aesthetic	Ձեռքի միքսեր 50's Style էսթետիկա
|integrated (semi) hood 60 cm universale aesthetic	|integrated (semi) hood 60 cm universale aesthetic	5	15	Встраиваемая (полувстраиваемая) вытяжка 60 cm, эстетика Universale	Встраиваемая (полувстраиваемая) вытяжка 60 cm, эстетика Universale	Integrated (semi) hood 60 cm Universale Aesthetic	Ներկառուցվող (կիսաներկառուցվող) օդաքաշ 60 cm, Universale էսթետիկա
|integrated (semi) hood 90 cm universale aesthetic	|integrated (semi) hood 90 cm universale aesthetic	4	11	Встраиваемая (полувстраиваемая) вытяжка 90 cm, эстетика Universale	Встраиваемая (полувстраиваемая) вытяжка 90 cm, эстетика Universale	Integrated (semi) hood 90 cm Universale Aesthetic	Ներկառուցվող (կիսաներկառուցվող) օդաքաշ 90 cm, Universale էսթետիկա
|integrated hood 52 cm universale aesthetic	|integrated hood 52 cm universale aesthetic	2	2	Встраиваемая вытяжка 52 cm, эстетика Universale	Встраиваемая вытяжка 52 cm, эстетика Universale	Integrated hood 52 cm Universale Aesthetic	Ներկառուցվող օդաքաշ 52 cm, Universale էսթետիկա
|integrated hood 54 cm universale aesthetic	|integrated hood 54 cm universale aesthetic	2	3	Встраиваемая вытяжка 54 cm, эстетика Universale	Встраиваемая вытяжка 54 cm, эстетика Universale	Integrated hood 54 cm Universale Aesthetic	Ներկառուցվող օդաքաշ 54 cm, Universale էսթետիկա
|integrated hood 60 cm universale aesthetic	|integrated hood 60 cm universale aesthetic	2	4	Встраиваемая вытяжка 60 cm, эстетика Universale	Встраиваемая вытяжка 60 cm, эстетика Universale	Integrated hood 60 cm Universale Aesthetic	Ներկառուցվող օդաքաշ 60 cm, Universale էսթետիկա
|integrated hood 75 cm universale aesthetic	|integrated hood 75 cm universale aesthetic	2	4	Встраиваемая вытяжка 75 cm, эстетика Universale	Встраиваемая вытяжка 75 cm, эстетика Universale	Integrated hood 75 cm Universale Aesthetic	Ներկառուցվող օդաքաշ 75 cm, Universale էսթետիկա
|integrated hood 90 cm universale aesthetic	|integrated hood 90 cm universale aesthetic	2	6	Встраиваемая вытяжка 90 cm, эстетика Universale	Встраиваемая вытяжка 90 cm, эстетика Universale	Integrated hood 90 cm Universale Aesthetic	Ներկառուցվող օդաքաշ 90 cm, Universale էսթետիկա
|non-stick casserole dish diameter 24 cm	|non-stick casserole dish diameter 24 cm	3	3	Антипригарная кастрюля-сотейник диаметром 24 см	Антипригарная кастрюля-сотейник диаметром 24 см	Non-stick Casserole Dish Diameter 24 cm	Չկպչող կաթսա՝ տրամագիծը 24 սմ
|non-stick deep pan diameter 28 cm	|non-stick deep pan diameter 28 cm	3	3	Глубокая сковорода с антипригарным покрытием, диаметр 28 см	Глубокая сковорода с антипригарным покрытием, диаметр 28 см	Non-stick Deep pan Diameter 28 cm	Չկպչող խորը թավա, տրամագիծը՝ 28 սմ
|non-stick frying pan diameter 20 cm	|non-stick frying pan diameter 20 cm	3	3	Сковорода с антипригарным покрытием, диаметр 20 см	Сковорода с антипригарным покрытием, диаметр 20 см	Non-stick Frying pan Diameter 20 cm	Չկպչող տապակի տրամագիծը 20 սմ
|non-stick frying pan diameter 24 cm	|non-stick frying pan diameter 24 cm	3	3	Сковорода с антипригарным покрытием, диаметр 24 см	Сковорода с антипригарным покрытием, диаметр 24 см	Non-stick Frying pan Diameter 24 cm	Կպչունություն չունեցող տապակ՝ 24 սմ տրամագծով
|non-stick frying pan diameter 28 cm	|non-stick frying pan diameter 28 cm	3	3	Сковорода с антипригарным покрытием, диаметр 28 см	Сковорода с антипригарным покрытием, диаметр 28 см	Non-stick Frying pan Diameter 28 cm	Կպչունություն չունեցող տապակած թավա, տրամագիծը՝ 28 սմ
|non-stick saucepan diameter 20 cm	|non-stick saucepan diameter 20 cm	3	3	Сотейник с антипригарным покрытием, диаметр 20 см	Сотейник с антипригарным покрытием, диаметр 20 см	Non-stick Saucepan Diameter 20 cm	Չկպչող ծածկույթով թավա, տրամագիծը՝ 20 սմ, գույնը՝
|non-stick wok diameter 30 cm	|non-stick wok diameter 30 cm	3	3	Антипригарный вок диаметром 30 см	Антипригарный вок диаметром 30 см	Non-stick Wok Diameter 30 cm	Չկպչող վոկ, տրամագիծ 30 սմ
|panel accessory for: dishwashers classica	|panel accessory for: dishwashers classica	2	3	Panel, аксессуар для: посудомоечные машины Classica	Panel, аксессуар для: посудомоечные машины Classica	Panel Accessory for: Dishwashers Classica	Panel, պարագա՝ ամանլվացքի մեքենաներ Classica համար
|panel accessory for: dishwashers portofino	|panel accessory for: dishwashers portofino	2	2	Panel, аксессуар для: посудомоечные машины Portofino	Panel, аксессуар для: посудомоечные машины Portofino	Panel Accessory for: Dishwashers Portofino	Panel, պարագա՝ ամանլվացքի մեքենաներ Portofino համար
|semi-professional single lever kitchen tap 50's style aesthetic	|semi-professional single lever kitchen tap 50's style aesthetic	7	7	Кухонный смеситель полупрофессиональный однорычажный, эстетика 50's Style	Кухонный смеситель полупрофессиональный однорычажный, эстетика 50's Style	Semi-professional single lever kitchen tap 50's Style Aesthetic	Խոհանոցային ծորակ կիսապրոֆեսիոնալ մեկ լծակով, 50's Style էսթետիկա
|semi-professional single lever kitchen tap coloniale aesthetic	|semi-professional single lever kitchen tap coloniale aesthetic	3	3	Кухонный смеситель полупрофессиональный однорычажный, эстетика Coloniale	Кухонный смеситель полупрофессиональный однорычажный, эстетика Coloniale	Semi-professional single lever kitchen tap Coloniale Aesthetic	Խոհանոցային ծորակ կիսապրոֆեսիոնալ մեկ լծակով, Coloniale էսթետիկա
|semi-professional single lever kitchen tap universale aesthetic	|semi-professional single lever kitchen tap universale aesthetic	5	7	Кухонный смеситель полупрофессиональный однорычажный, эстетика Universale	Кухонный смеситель полупрофессиональный однорычажный, эстетика Universale	Semi-professional single lever kitchen tap Universale Aesthetic	Խոհանոցային ծորակ կիսապրոֆեսիոնալ մեկ լծակով, Universale էսթետիկա
|single lever kitchen tap coloniale aesthetic	|single lever kitchen tap coloniale aesthetic	4	4	Кухонный смеситель однорычажный, эстетика Coloniale	Кухонный смеситель однорычажный, эстетика Coloniale	Single lever kitchen tap Coloniale Aesthetic	Խոհանոցային ծորակ մեկ լծակով, Coloniale էսթետիկա
|single lever kitchen tap universale aesthetic	|single lever kitchen tap universale aesthetic	6	22	Кухонный смеситель однорычажный, эстетика Universale	Кухонный смеситель однорычажный, эстетика Universale	Single lever kitchen tap Universale Aesthetic	Խոհանոցային ծորակ մեկ լծակով, Universale էսթետիկա
|stand mixer 50's style aesthetic	|stand mixer 50's style aesthetic	4	7	Планетарный миксер эстетика 50's Style	Планетарный миксер эстетика 50's Style	Stand Mixer 50's Style Aesthetic	Պլանետար միքսեր 50's Style էսթետիկա
|stand mixer full color 50's style aesthetic	|stand mixer full color 50's style aesthetic	7	14	Планетарный миксер полноцветный эстетика 50's Style	Планетарный миксер полноцветный эстетика 50's Style	Stand Mixer full 50's Style Aesthetic	Պլանետար միքսեր լիագույն 50's Style էսթետիկա
|suspended hood with lighting system 100 cm isola aesthetic line	|suspended hood with lighting system 100 cm isola aesthetic line	2	2	Подвесная вытяжка со световой системой 100 см, линия Isola	Подвесная вытяжка со световой системой 100 см, линия Isola	Suspended hood with lighting system 100 cm Isola aesthetic line	Կախված օդաքաշ լուսավորության համակարգով 100 սմ, Isola էսթետիկա
|suspended hood with lighting system 180 cm isola aesthetic line	|suspended hood with lighting system 180 cm isola aesthetic line	2	2	Подвесная вытяжка со световой системой 180 см, линия Isola	Подвесная вытяжка со световой системой 180 см, линия Isola	Suspended hood with lighting system 180 cm Isola aesthetic line	Կախված օդաքաշ լուսավորության համակարգով 180 սմ, Isola էսթետիկա
Blenders|high performance blender colour, matt finish collezione aesthetic	Blenders|high performance blender colour, matt finish collezione aesthetic	3	3	Высокопроизводительный блендер матовый Collezione Aesthetic	Высокопроизводительный блендер матовый Collezione Aesthetic	High performance blender Matt finish Collezione Aesthetic	Բարձր արդյունավետության բլենդեր Փայլատ Collezione Aesthetic
Blenders|mini personal blender colour, glossy finishing 50's style aesthetic	Blenders|mini personal blender colour, glossy finishing 50's style aesthetic	7	11	Мини-персональный блендер, глянцевый, стиль 50-х годов	Мини-персональный блендер, глянцевый, стиль 50-х годов	Mini Personal Blender Glossy finishing 50's Style Aesthetic	Մինի անհատական բլենդեր Փայլուն ավարտ, 50-ականների ոճի էսթետիկա
Blenders|table blender 1.5 litre capacity, 3 intensity levels 50's style aesthetic	Blenders|table blender 1.5 litre capacity, 3 intensity levels 50's style aesthetic	7	7	настольный блендер Smeg, объем 1,5 литра, 3 уровня интенсивности, эстетика 50-х годов	настольный блендер Smeg, объем 1,5 литра, 3 уровня интенсивности, эстетика 50-х годов	Table Blender 1.5 Litre Capacity, 3 intensity levels 50's Style aesthetic	սեղանի բլենդեր 1.5 լիտր տարողությամբ, 3 ինտենսիվության մակարդակ, 50-ականների ոճի դիզայն
Citrus Juicer|citrus juicer , glossy 50's style aesthetic	Citrus Juicer|citrus juicer , glossy 50's style aesthetic	7	7	Соковыжималка для цитрусовых Smeg, глянцевая, в стиле 50-х годов	Соковыжималка для цитрусовых Smeg, глянцевая, в стиле 50-х годов	Citrus Juicer Glossy 50's Style Aesthetic	Մրգահյութ պատրաստող սարք, փայլուն 50-ականների ոճի էսթետիկա
Coffee Grinder|coffee grinder 50's style aesthetic	Coffee Grinder|coffee grinder 50's style aesthetic	6	10	Кофемолка в стиле 50-х годов	Кофемолка в стиле 50-х годов	Coffee Grinder 50's Style Aesthetic	Սրճաղաց սև՝ 50-ականների ոճի դիզայնով
Coffee machine|automatic built-in espresso coffee machine 45 cm compact coloniale aesthetic	Coffee machine|automatic built-in espresso coffee machine 45 cm compact coloniale aesthetic	2	2	Автоматическая встраиваемая кофемашина эспрессо, компактная, 45 см, эстетика Coloniale	Автоматическая встраиваемая кофемашина эспрессо, компактная, 45 см, эстетика Coloniale	Automatic built-in espresso coffee machine 45 cm compact Coloniale Aesthetic	Մեկտեղված ավտոմատ էսպրեսո սրճեփ մեքենա 45 սմ կոմպակտ Coloniale ոճի
Coffee machine|automatic built-in espresso coffee machine 45 cm compact linea aesthetic	Coffee machine|automatic built-in espresso coffee machine 45 cm compact linea aesthetic	2	2	Автоматическая встраиваемая кофемашина эспрессо, компактная, 45 см, эстетика Linea	Автоматическая встраиваемая кофемашина эспрессо, компактная, 45 см, эстетика Linea	Automatic built-in espresso coffee machine 45 cm compact Linea Aesthetic	Մեկանգամյա օգտագործման ավտոմատ ներկառուցվող էսպրեսո սրճեփ մեքենա 45 սմ կոմպակտ Linea էսթետիկա
Cooker|cooker with gas hob 100x60 cm classica aesthetic	Cooker|cooker with gas hob 100x60 cm classica aesthetic	2	3	Плита газовая 100x60 см, Classica Aesthetic	Плита газовая 100x60 см, Classica Aesthetic	Cooker with Gas Hob 100x60 cm Classica Aesthetic	Գազօջախ՝ գազի վրայի տաքացուցիչով, 100x60 սմ, Classica կատեգորիայի
Cooker|cooker with gas hob 100x60 cm victoria aesthetic	Cooker|cooker with gas hob 100x60 cm victoria aesthetic	3	3	Плита с газовой варочной панелью 100x60 см, эстетика Victoria	Плита с газовой варочной панелью 100x60 см, эстетика Victoria	Cooker with Gas Hob 100x60 cm Victoria Aesthetic	Սալօջախ գազային մակերեսով 100x60 սմ, Victoria էսթետիկա
Cooker|cooker with gas hob 110x60 cm victoria aesthetic	Cooker|cooker with gas hob 110x60 cm victoria aesthetic	5	5	Плита с газовой варочной панелью 110x60 см, эстетика Victoria	Плита с газовой варочной панелью 110x60 см, эстетика Victoria	Cooker with Gas Hob 110x60 cm Victoria Aesthetic	Սալօջախ գազային մակերեսով 110x60 սմ, Victoria էսթետիկա
Cooker|cooker with gas hob 60x60 cm classica aesthetic	Cooker|cooker with gas hob 60x60 cm classica aesthetic	2	6	Плита газовая 60x60 см, Classica	Плита газовая 60x60 см, Classica	Cooker with Gas Hob 60x60 cm Classica Aesthetic	Գազօջախ՝ գազի կաթսայատեղով 60x60 սմ Classica Aesthetic
Cooker|cooker with gas hob 60x60 cm victoria aesthetic	Cooker|cooker with gas hob 60x60 cm victoria aesthetic	2	2	Плита с газовой варочной панелью 60x60 см, эстетика Victoria	Плита с газовой варочной панелью 60x60 см, эстетика Victoria	Cooker with Gas Hob 60x60 cm Victoria Aesthetic	Սալօջախ գազային մակերեսով 60x60 սմ, Victoria էսթետիկա
Cooker|cooker with gas hob 90x60 cm classica aesthetic	Cooker|cooker with gas hob 90x60 cm classica aesthetic	4	26	Плита с газовой варочной панелью 90x60 см, эстетика Classica	Плита с газовой варочной панелью 90x60 см, эстетика Classica	Cooker with Gas Hob 90x60 cm Classica Aesthetic	Գազօջախ՝ գազի այրիչներով, 90x60 սմ, Classica դիզայն
Cooker|cooker with gas hob 90x60 cm portofino aesthetic	Cooker|cooker with gas hob 90x60 cm portofino aesthetic	8	9	Плита с газовой панелью 90x60 см, эстетика Portofino	Плита с газовой панелью 90x60 см, эстетика Portofino	Cooker with Gas Hob 90x60 cm Portofino Aesthetic	Գազօջախ Gas Hob 90x60 սմ Portofino Aesthetic
Cooker|cooker with gas hob 90x60 cm victoria aesthetic	Cooker|cooker with gas hob 90x60 cm victoria aesthetic	3	9	Плита газовая 90x60 см, дизайн Victoria	Плита газовая 90x60 см, дизайн Victoria	Cooker with Gas Hob 90x60 cm Victoria Aesthetic	Գազօջախ 90x60 սմ, Victoria դիզայն
Cooker|cooker with induction hob 100x60 cm victoria aesthetic	Cooker|cooker with induction hob 100x60 cm victoria aesthetic	3	3	Плита с индукционной варочной панелью 100x60 см, эстетика Victoria	Плита с индукционной варочной панелью 100x60 см, эстетика Victoria	Cooker with Induction Hob 100x60 cm Victoria Aesthetic	Սալօջախ ինդուկցիոն մակերեսով 100x60 սմ, Victoria էսթետիկա
Cooker|cooker with induction hob 110x60 cm victoria aesthetic	Cooker|cooker with induction hob 110x60 cm victoria aesthetic	4	4	Плита с индукционной варочной панелью 110x60 см, эстетика Victoria	Плита с индукционной варочной панелью 110x60 см, эстетика Victoria	Cooker with Induction Hob 110x60 cm Victoria Aesthetic	Սալօջախ ինդուկցիոն մակերեսով 110x60 սմ, Victoria էսթետիկա
Cooker|cooker with induction hob 60x60 cm classica aesthetic	Cooker|cooker with induction hob 60x60 cm classica aesthetic	4	10	Плита индукционная 60x60 см, Classica Эстетика	Плита индукционная 60x60 см, Classica Эстетика	Cooker with Induction Hob 60x60 cm Classica Aesthetic	Եփելու սարք ինդուկցիոն վահանակով 60x60 սմ Classica Aesthetic
Cooker|cooker with induction hob 60x60 cm victoria aesthetic	Cooker|cooker with induction hob 60x60 cm victoria aesthetic	2	2	Плита с индукционной варочной панелью 60x60 см, эстетика Victoria	Плита с индукционной варочной панелью 60x60 см, эстетика Victoria	Cooker with Induction Hob 60x60 cm Victoria Aesthetic	Սալօջախ ինդուկցիոն մակերեսով 60x60 սմ, Victoria էսթետիկա
Cooker|cooker with induction hob 90x60 cm classica aesthetic	Cooker|cooker with induction hob 90x60 cm classica aesthetic	4	19	Плита индукционная 90x60 см, Classica Aesthetic	Плита индукционная 90x60 см, Classica Aesthetic	Cooker with Induction Hob 90x60 cm Classica Aesthetic	Ինդուկցիոն վառարան 90x60 սմ Classica Aesthetic
Cooker|cooker with induction hob 90x60 cm mista aesthetic	Cooker|cooker with induction hob 90x60 cm mista aesthetic	2	2	Плита с индукционной варочной панелью 90x60 см, Mista Aesthetic	Плита с индукционной варочной панелью 90x60 см, Mista Aesthetic	Cooker with Induction Hob 90x60 cm Mista Aesthetic	Smeg Mista ոճի ինդուկցիոն վահանակով խոհանոցային սալօջախ 90x60 սմ
Cooker|cooker with induction hob 90x60 cm portofino aesthetic	Cooker|cooker with induction hob 90x60 cm portofino aesthetic	8	12	Плита с индукционной варочной панелью 90x60 см, Portofino Aesthetic	Плита с индукционной варочной панелью 90x60 см, Portofino Aesthetic	Cooker with Induction Hob 90x60 cm Portofino Aesthetic	Եփող մակերես ինդուկցիոն վահանակով 90x60 սմ Portofino Aesthetic
Cooker|cooker with induction hob 90x60 cm victoria aesthetic	Cooker|cooker with induction hob 90x60 cm victoria aesthetic	3	9	Плита с индукционной варочной панелью 90x60 см, эстетика Victoria	Плита с индукционной варочной панелью 90x60 см, эстетика Victoria	Cooker with Induction Hob 90x60 cm Victoria Aesthetic	Սալօջախ ինդուկցիոն մակերեսով 90x60 սմ, Victoria էսթետիկա
Cooker|cooker with mixed hob 120x60 cm portofino aesthetic	Cooker|cooker with mixed hob 120x60 cm portofino aesthetic	5	5	Плита комбинированная 120x60 см, дизайн Portofino	Плита комбинированная 120x60 см, дизайн Portofino	Cooker with Mixed Hob 120x60 cm Portofino Aesthetic	Խոհարարական վառարան խառը կաթսայատան հարթակով 120x60 սմ Portofino ոճի
Countertop Combi Oven|countertop combi steam oven , glossy 50's style aesthetic	Countertop Combi Oven|countertop combi steam oven , glossy 50's style aesthetic	6	6	Настольная комбинированная паровая печь глянцевая, стиль 50-х годов	Настольная комбинированная паровая печь глянцевая, стиль 50-х годов	Countertop combi steam oven Glossy 50's Style Aesthetic	Սեղանի համակցված գոլորշու վառարան փայլուն 50-ականների ոճի էսթետիկա
Dishwashers|free-standing dishwasher 60 cm width 50's style aesthetic	Dishwashers|free-standing dishwasher 60 cm width 50's style aesthetic	2	2	Отдельностоящая посудомоечная машина шириной 60 см, эстетика 50's Style	Отдельностоящая посудомоечная машина шириной 60 см, эстетика 50's Style	Free-standing dishwasher 60 cm width 50's Style Aesthetic	Առանձին կանգնող ամանլվացքի մեքենա, 60 սմ լայնք, 50's Style էսթետիկա
Dishwashers|free-standing dishwasher 60 cm width universale aesthetic	Dishwashers|free-standing dishwasher 60 cm width universale aesthetic	3	7	Отдельностоящая посудомоечная машина шириной 60 см, эстетика Universale	Отдельностоящая посудомоечная машина шириной 60 см, эстетика Universale	Free-standing dishwasher 60 cm width Universale Aesthetic	Առանձին կանգնող ամանլվացքի մեքենա, 60 սմ լայնք, Universale էսթետիկա
Dishwashers|fully-integrated built-in dishwasher 60 cm width universale aesthetic	Dishwashers|fully-integrated built-in dishwasher 60 cm width universale aesthetic	2	42	Полностью встраиваемая посудомоечная машина шириной 60 см, эстетика Universale	Полностью встраиваемая посудомоечная машина шириной 60 см, эстетика Universale	Fully-integrated built-in dishwasher 60 cm width Universale Aesthetic	Ամբողջությամբ ներկառուցվող ամանլվացքի մեքենա, 60 սմ լայնք, Universale էսթետիկա
Dishwashers|partially-integrated built-in dishwasher 60 cm width universale aesthetic	Dishwashers|partially-integrated built-in dishwasher 60 cm width universale aesthetic	3	6	Частично встраиваемая посудомоечная машина шириной 60 см, эстетика Universale	Частично встраиваемая посудомоечная машина шириной 60 см, эстетика Universale	Partially-integrated built-in dishwasher 60 cm width Universale Aesthetic	Մասնակի ներկառուցվող ամանլվացքի մեքենա 60 սմ լայնք, Universale էսթետիկա
Dishwashers|under counter built-in dishwasher 60 cm width 50's style aesthetic	Dishwashers|under counter built-in dishwasher 60 cm width 50's style aesthetic	4	4	Встраиваемая подстольная посудомоечная машина шириной 60 см, эстетика 50's Style	Встраиваемая подстольная посудомоечная машина шириной 60 см, эстетика 50's Style	Under counter built-in dishwasher 60 cm width 50's Style Aesthetic	Սեղանի տակ ներկառուցվող ամանլվացքի մեքենա 60 սմ, 50's Style էսթետիկա
Dishwashers|under counter built-in dishwasher 60 cm width universale aesthetic	Dishwashers|under counter built-in dishwasher 60 cm width universale aesthetic	3	7	Встраиваемая подстольная посудомоечная машина шириной 60 см, эстетика Universale	Встраиваемая подстольная посудомоечная машина шириной 60 см, эстетика Universale	Under counter built-in dishwasher 60 cm width Universale Aesthetic	Սեղանի տակ ներկառուցվող ամանլվացքի մեքենա 60 սմ, Universale էսթետիկա
Dishwashers|wi-fi fully-integrated built-in dishwashers 60 cm width universale aesthetic	Dishwashers|wi-fi fully-integrated built-in dishwashers 60 cm width universale aesthetic	2	3	Wi-Fi Полностью встраиваемая посудомоечная машина, ширина 60 см, дизайн Universale	Wi-Fi Полностью встраиваемая посудомоечная машина, ширина 60 см, дизайн Universale	Wi-Fi Fully-integrated built-in Dishwashers 60 cm width Universale Aesthetic	Wi-Fi լիովին ինտեգրված ներկառուցվող աման լվացող մեքենաներ 60 սմ լայնությամբ Universale գեղագիտական
Drawer|reheat drawer classica aesthetic line	Drawer|reheat drawer classica aesthetic line	2	3	Ящик для подогрева из нержавеющей стали Linea Classica	Ящик для подогрева из нержавеющей стали Linea Classica	Reheat Drawer Classica aesthetic line	Reheat Drawer Classica aesthetic line
Drawer|reheat drawer linea aesthetic line	Drawer|reheat drawer linea aesthetic line	2	2	Ящик для подогрева Linea	Ящик для подогрева Linea	Reheat Drawer Linea aesthetic line	Տաքացվող դարակ Linea էսթետիկ գիծ
Drawer|reheat drawer musa aesthetic line	Drawer|reheat drawer musa aesthetic line	2	2	Подогреватель ящиков Musa, эстетическая линия	Подогреватель ящиков Musa, эстетическая линия	Reheat Drawer Musa aesthetic line	Տաքացվող դարակ Musa էսթետիկ գիծ
Drawer|reheat drawer victoria aesthetic line	Drawer|reheat drawer victoria aesthetic line	3	3	Ящик для подогрева эстетическая линия Victoria	Ящик для подогрева эстетическая линия Victoria	Reheat Drawer Victoria aesthetic line	Reheat Drawer Victoria էսթետիկ գիծ
Drawer|sommelier drawer linea aesthetic line	Drawer|sommelier drawer linea aesthetic line	2	2	Сомелье-ящик Smeg Linea	Сомелье-ящик Smeg Linea	Sommelier Drawer Linea aesthetic line	Սոմելիեի դարակ Linea գեղագիտական գիծ
Drawer|sous-vide drawer linea aesthetic line	Drawer|sous-vide drawer linea aesthetic line	2	2	Ящик для су-вид эстетическая линия Linea	Ящик для су-вид эстетическая линия Linea	Sous-vide Drawer Linea aesthetic line	Սուս-վիդ արկղիկ Linea դիզայն
Drip filter Coffee Machine|drip filter coffee machine 50's style aesthetic	Drip filter Coffee Machine|drip filter coffee machine 50's style aesthetic	10	11	Капельная кофемашина из нержавеющей стали, эстетика 50-х годов	Капельная кофемашина из нержавеющей стали, эстетика 50-х годов	drip filter coffee machine 50's Style aesthetic	Կաթիլային սրճեփ մեքենա 50's Style էսթետիկա
Espresso Coffee Machine|automatic coffee machine collezione aesthetic	Espresso Coffee Machine|automatic coffee machine collezione aesthetic	2	2	Автоматическая кофемашина Collezione	Автоматическая кофемашина Collezione	Automatic Coffee Machine Collezione aesthetic	Ավտոմատ սուրճի մեքենա Collezione ոճի
Espresso Coffee Machine|automatic coffee machine with milk system collezione aesthetic	Espresso Coffee Machine|automatic coffee machine with milk system collezione aesthetic	4	4	Автоматическая кофемашина с молочной системой, эстетика Collezione	Автоматическая кофемашина с молочной системой, эстетика Collezione	Automatic coffee machine with milk system Collezione aesthetic	Ավտոմատ սուրճի մեքենա կաթնային համակարգով Collezione էսթետիկա
Espresso Coffee Machine|automatic coffee machine with steam wand collezione aesthetic	Espresso Coffee Machine|automatic coffee machine with steam wand collezione aesthetic	4	4	Автоматическая кофемашина с капучинатором Collezione aesthetic	Автоматическая кофемашина с капучинатором Collezione aesthetic	Automatic coffee machine with steam wand Collezione aesthetic	Ավտոմատ սրճեփ մեքենա գոլորշու խողովակով Collezione դիզայնով
Espresso Coffee Machine|espresso coffee machine with milk frother 50's style aesthetic	Espresso Coffee Machine|espresso coffee machine with milk frother 50's style aesthetic	3	3	Эспрессо-кофемашина с капучинатором стиль 50-х годов	Эспрессо-кофемашина с капучинатором стиль 50-х годов	Espresso coffee machine with milk frother 50's Style aesthetic	Էսպրեսո սրճեփ մեքենա կաթի փրփրացուցիչով 50's Style էսթետիկա
Espresso Coffee Machine|manual espresso coffee machine 50's style aesthetic	Espresso Coffee Machine|manual espresso coffee machine 50's style aesthetic	7	7	Ручная эспрессо-кофемашина, стиль 50-х годов	Ручная эспрессо-кофемашина, стиль 50-х годов	Manual espresso coffee machine 50's Style aesthetic	Ձեռքի էսպրեսո սրճեփ մեքենա 50's Style էսթետիկա
Espresso Coffee Machine|manual espresso coffee machine with built-in grinder 50's style aesthetic	Espresso Coffee Machine|manual espresso coffee machine with built-in grinder 50's style aesthetic	6	7	ручная эспрессо-кофемашина со встроенной кофемолкой, эстетика 50-х годов	ручная эспрессо-кофемашина со встроенной кофемолкой, эстетика 50-х годов	manual espresso coffee machine with built-in grinder 50's Style aesthetic	ձեռքով էսպրեսսո սրճեփ՝ ներկառուցված աղացով, 50-ականների ոճի
Espresso Coffee Machine|manual espresso coffee machine with cold brew colour, glossy finishing 50's style aesthetic	Espresso Coffee Machine|manual espresso coffee machine with cold brew colour, glossy finishing 50's style aesthetic	6	6	Ручная эспрессо-кофемашина с функцией холодного заваривания, глянцевая отделка, эстетика 50-х годов	Ручная эспрессо-кофемашина с функцией холодного заваривания, глянцевая отделка, эстетика 50-х годов	Manual espresso coffee machine with cold brew Glossy finishing 50's Style aesthetic	Ձեռքի էսպրեսսո սրճեփ սառը ըմպելիքի գործառույթով փայլուն ծածկույթ, 50-ականների ոճ
Espresso Coffee Machine|minipro espresso coffee machine color collezione aesthetic	Espresso Coffee Machine|minipro espresso coffee machine color collezione aesthetic	3	3	Кофемашина эспрессо Minipro эстетика Collezione	Кофемашина эспрессо Minipro эстетика Collezione	Minipro espresso coffee machine Collezione aesthetic	Minipro էսպրեսո սրճեփ մեքենա Collezione ոճի
Freezers|free standing freezer single door universale aesthetic	Freezers|free standing freezer single door universale aesthetic	2	4	Отдельностоящая морозильная камера с одной дверцей серии Universale Aesthetic	Отдельностоящая морозильная камера с одной дверцей серии Universale Aesthetic	Free Standing freezer Single door Universale Aesthetic	Ազատ տեղադրվող սառցախցիկ Միադուռ Universale Aesthetic
Hand Blenders|hand blender 50's style aesthetic	Hand Blenders|hand blender 50's style aesthetic	4	4	Погружной блендер эстетика 50-х годов	Погружной блендер эстетика 50-х годов	Hand Blender 50's Style Aesthetic	Ձեռքի բլենդեր 50-ականների ոճի դիզայն
Hand Blenders|hand blender with accessories 50's style aesthetic	Hand Blenders|hand blender with accessories 50's style aesthetic	5	5	Погружной блендер с аксессуарами Стиль 50-х	Погружной блендер с аксессуарами Стиль 50-х	Hand Blender with Accessories 50's Style Aesthetic	Ձեռքի բլենդեր պարագաներով 50's Style էսթետիկա
HBAC11	HBAC11	4	4	Набор из 4 аксессуаров мерный стакан, измельчитель, венчик, толкушка, аксессуар для: погружные блендеры HBAC11RD	Набор из 4 аксессуаров мерный стакан, измельчитель, венчик, толкушка, аксессуар для: погружные блендеры HBAC11RD	4 accessories set version, Beaker, Chopper, Whisk, Masher Accessory for: Hand Blenders HBAC11BL	4 պարագայի հավաքածու չափաբաժակ, մանրացուցիչ, հարիչ, տրորիչ, պարագա՝ ձեռքի բլենդերներ HBAC11BL-ի համար
Hob|gas hob 30 cm classica aesthetic	Hob|gas hob 30 cm classica aesthetic	2	6	Газовая варочная панель 30 см Classica	Газовая варочная панель 30 см Classica	Gas Hob 30 cm Classica aesthetic	Գազի վահանակ 30 սմ Classica դիզայն
Hob|gas hob 60 cm classica aesthetic	Hob|gas hob 60 cm classica aesthetic	3	10	Газовая варочная панель 60 см, эстетика Classica	Газовая варочная панель 60 см, эстетика Classica	Gas Hob 60 cm Classica aesthetic	Գազօջախ 60 սմ, Classica էսթետիկա
Hob|gas hob 60 cm coloniale aesthetic	Hob|gas hob 60 cm coloniale aesthetic	4	5	Газовая варочная панель 60 см, эстетика Coloniale	Газовая варочная панель 60 см, эстетика Coloniale	Gas Hob 60 cm Coloniale aesthetic	Գազօջախ 60 սմ Coloniale ոճի
Hob|gas hob 60 cm contemporanea aesthetic	Hob|gas hob 60 cm contemporanea aesthetic	2	2	Газовая варочная панель 60 см, эстетика Contemporanea	Газовая варочная панель 60 см, эстетика Contemporanea	Gas Hob 60 cm Contemporanea aesthetic	Գազօջախ 60 սմ, Contemporanea էսթետիկա
Hob|gas hob 60 cm cortina aesthetic	Hob|gas hob 60 cm cortina aesthetic	2	2	Газовая варочная панель 60 см, эстетика Cortina	Газовая варочная панель 60 см, эстетика Cortina	Gas Hob 60 cm Cortina aesthetic	Գազօջախ 60 սմ, Cortina էսթետիկա
Hob|gas hob 60 cm linea aesthetic	Hob|gas hob 60 cm linea aesthetic	2	3	Газовая варочная панель 60 см, эстетика Linea	Газовая варочная панель 60 см, эстетика Linea	Gas Hob 60 cm Linea aesthetic	Գազօջախ 60 սմ Linea էսթետիկա
Hob|gas hob 60 cm selezione aesthetic	Hob|gas hob 60 cm selezione aesthetic	4	13	Газовая варочная панель 60 см, эстетика Selezione	Газовая варочная панель 60 см, эстетика Selezione	Gas Hob 60 cm Selezione aesthetic	Գազօջախ 60 սմ Selezione դիզայն
Hob|gas hob 60 cm victoria aesthetic	Hob|gas hob 60 cm victoria aesthetic	3	3	Газовая варочная панель 60 см, эстетика Victoria	Газовая варочная панель 60 см, эстетика Victoria	Gas Hob 60 cm Victoria aesthetic	Գազօջախ 60 սմ, Victoria էսթետիկա
Hob|gas hob 70/75 cm classica aesthetic	Hob|gas hob 70/75 cm classica aesthetic	3	12	Газовая варочная панель 70/75 см, эстетика Classica	Газовая варочная панель 70/75 см, эстетика Classica	Gas Hob 70/75 cm Classica aesthetic	Գազօջախ 70/75 սմ, Classica էսթետիկա
Hob|gas hob 70/75 cm coloniale aesthetic	Hob|gas hob 70/75 cm coloniale aesthetic	3	3	Газовая варочная панель 70/75 см, эстетика Coloniale	Газовая варочная панель 70/75 см, эстетика Coloniale	Gas Hob 70/75 cm Coloniale aesthetic	Գազօջախ 70/75 սմ, Coloniale էսթետիկա
Hob|gas hob 70/75 cm cortina aesthetic	Hob|gas hob 70/75 cm cortina aesthetic	2	2	Газовая варочная панель 70/75 см, эстетика Cortina	Газовая варочная панель 70/75 см, эстетика Cortina	Gas Hob 70/75 cm Cortina aesthetic	Գազօջախ 70/75 սմ, Cortina էսթետիկա
Hob|gas hob 70/75 cm dolce stil novo aesthetic	Hob|gas hob 70/75 cm dolce stil novo aesthetic	2	4	Газовая варочная панель 70/75 см, эстетика Dolce Stil Novo	Газовая варочная панель 70/75 см, эстетика Dolce Stil Novo	Gas Hob 70/75 cm Dolce Stil Novo aesthetic	Գազօջախ 70/75 սմ Dolce Stil Novo էսթետիկա
Hob|gas hob 70/75 cm linea aesthetic	Hob|gas hob 70/75 cm linea aesthetic	2	3	Газовая варочная панель 70/75 см Linea	Газовая варочная панель 70/75 см Linea	Gas Hob 70/75 cm Linea aesthetic	Գազօջախ 70/75 սմ Linea էսթետիկա
Hob|gas hob 70/75 cm selezione aesthetic	Hob|gas hob 70/75 cm selezione aesthetic	2	3	Газовая варочная панель 70/75 см, эстетика Selezione	Газовая варочная панель 70/75 см, эстетика Selezione	Gas Hob 70/75 cm Selezione aesthetic	Գազօջախ 70/75 սմ Selezione էսթետիկա
Hob|gas hob 70/75 cm victoria aesthetic	Hob|gas hob 70/75 cm victoria aesthetic	3	3	Газовая варочная панель 70/75 см, эстетика Victoria	Газовая варочная панель 70/75 см, эстетика Victoria	Gas Hob 70/75 cm Victoria aesthetic	Գազօջախ 70/75 սմ, Victoria էսթետիկա
Hob|gas hob 90 cm classica aesthetic	Hob|gas hob 90 cm classica aesthetic	2	8	Газовая варочная панель 90 см, эстетика Classica	Газовая варочная панель 90 см, эстетика Classica	Gas Hob 90 cm Classica aesthetic	Գազօջախ 90 սմ, Classica էսթետիկա
Hob|gas hob 90 cm coloniale aesthetic	Hob|gas hob 90 cm coloniale aesthetic	3	3	Газовая варочная панель 90 см, эстетика Coloniale	Газовая варочная панель 90 см, эстетика Coloniale	Gas Hob 90 cm Coloniale aesthetic	Գազօջախ 90 սմ, Coloniale էսթետիկա
Hob|induction hob | coloniale aesthetic 60 cm frame	Hob|induction hob | coloniale aesthetic 60 cm frame	2	2	Индукционная варочная панель | Эстетика Coloniale 60 см, рамка	Индукционная варочная панель | Эстетика Coloniale 60 см, рамка	Induction hob | Coloniale aesthetic 60 cm frame	Ինդուկցիոն վահանակ | Coloniale էսթետիկա 60 սմ Անտրացիտ շրջանակ
Hob|induction hob | coloniale aesthetic 70/75 cm frame	Hob|induction hob | coloniale aesthetic 70/75 cm frame	2	2	Индукционная варочная панель | Эстетика Coloniale 70/75 см, рамка	Индукционная варочная панель | Эстетика Coloniale 70/75 см, рамка	Induction hob | Coloniale aesthetic 70/75 cm frame	Ինդուկցիոն սալօջախ | Coloniale դիզայն 70/75 սմ Անտրացիտ շրջանակով
Hob|induction hob | cortina aesthetic 60 cm frame	Hob|induction hob | cortina aesthetic 60 cm frame	2	2	Индукционная варочная панель | эстетика Cortina, 60 cm, рамка	Индукционная варочная панель | эстетика Cortina, 60 cm, рамка	Induction hob | Cortina aesthetic 60 cm frame	Ինդուկցիոն կերակրասալ | Cortina էսթետիկա, 60 cm շրջանակ
Hob|induction hob | victoria aesthetic 60 cm frame	Hob|induction hob | victoria aesthetic 60 cm frame	2	2	Индукционная варочная панель | эстетика Victoria, 60 cm, рамка	Индукционная варочная панель | эстетика Victoria, 60 cm, рамка	Induction hob | Victoria aesthetic 60 cm frame	Ինդուկցիոն կերակրասալ | Victoria էսթետիկա, 60 cm շրջանակ
Hob|induction hob 60 cm color, glass finish universale aesthetic	Hob|induction hob 60 cm color, glass finish universale aesthetic	2	16	Индукционная варочная панель 60 cm отделка стекло, эстетика Universale	Индукционная варочная панель 60 cm отделка стекло, эстетика Universale	Induction hob 60 cm Glass finish Universale aesthetic	Ինդուկցիոն կերակրասալ 60 cm ապակի ավարտ, Universale էսթետիկա
Hob|induction hob 60 cm color, matt finish classica aesthetic	Hob|induction hob 60 cm color, matt finish classica aesthetic	2	2	Индукционная варочная панель 60 cm отделка матовая, эстетика Classica	Индукционная варочная панель 60 cm отделка матовая, эстетика Classica	Induction hob 60 cm Matt finish Classica aesthetic	Ինդուկցիոն կերակրասալ 60 cm մատ ավարտ, Classica էսթետիկա
Hob|induction hob 80 cm color, glass finish linea aesthetic	Hob|induction hob 80 cm color, glass finish linea aesthetic	2	3	Индукционная варочная панель 80 cm отделка стекло, эстетика Linea	Индукционная варочная панель 80 cm отделка стекло, эстетика Linea	Induction hob 80 cm Glass finish Linea aesthetic	Ինդուկցիոն կերակրասալ 80 cm ապակի ավարտ, Linea էսթետիկա
Hob|induction hob 90 cm color, glass finish linea aesthetic	Hob|induction hob 90 cm color, glass finish linea aesthetic	3	4	Индукционная варочная панель 90 cm отделка стекло, эстетика Linea	Индукционная варочная панель 90 cm отделка стекло, эстетика Linea	Induction hob 90 cm Glass finish Linea aesthetic	Ինդուկցիոն կերակրասալ 90 cm ապակի ավարտ, Linea էսթետիկա
Hob|induction hob 90 cm color, glass finish universale aesthetic	Hob|induction hob 90 cm color, glass finish universale aesthetic	2	3	Индукционная варочная панель 90 cm отделка стекло, эстетика Universale	Индукционная варочная панель 90 cm отделка стекло, эстетика Universale	Induction hob 90 cm Glass finish Universale aesthetic	Ինդուկցիոն կերակրասալ 90 cm ապակի ավարտ, Universale էսթետիկա
Hob|induction hob 90 cm color, matt finish classica aesthetic	Hob|induction hob 90 cm color, matt finish classica aesthetic	2	2	Индукционная варочная панель 90 cm отделка матовая, эстетика Classica	Индукционная варочная панель 90 cm отделка матовая, эстетика Classica	Induction hob 90 cm Matt finish Classica aesthetic	Ինդուկցիոն կերակրասալ 90 cm մատ ավարտ, Classica էսթետիկա
Insulated bottle|clima bottle 500 ml | smeg x 24bottles 50's style aesthetic	Insulated bottle|clima bottle 500 ml | smeg x 24bottles 50's style aesthetic	7	7	Clima Bottle 500 ml SMEG x 24Bottles, 500 мл, эстетика 50's Style	Clima Bottle 500 ml SMEG x 24Bottles, 500 мл, эстетика 50's Style	Clima Bottle 500 ml | SMEG x 24Bottles 50's style aesthetic	Clima Bottle 500 ml SMEG x 24Bottles, 500 мл, 50's Style էսթետիկա
Kettles|mini electric kettle 50's style aesthetic	Kettles|mini electric kettle 50's style aesthetic	7	7	Мини электрический чайник эстетика 50's Style	Мини электрический чайник эстетика 50's Style	Mini electric kettle 50's Style Aesthetic	Մինի էլեկտրական թեյնիկ 50's Style էսթետիկա
Kettles|variable temperature kettle 50's style aesthetic	Kettles|variable temperature kettle 50's style aesthetic	8	8	Электрический чайник с регулировкой температуры эстетика 50's Style	Электрический чайник с регулировкой температуры эстетика 50's Style	Variable temperature kettle 50's Style Aesthetic	Ջերմաստիճանի կարգավորմամբ էլեկտրական թեյնիկ 50's Style էսթետիկա
Kettles|whistling kettle 50's style aesthetic	Kettles|whistling kettle 50's style aesthetic	8	8	Чайники со свистком	Чайники со свистком	Whistling Kettles	Թեյնիկներ սուլիչով
Kitchen Scales|analog and digital kitchen scale , glossy 50's style aesthetic	Kitchen Scales|analog and digital kitchen scale , glossy 50's style aesthetic	6	6	Аналогово-цифровые кухонные весы глянцевый, эстетика 50's Style	Аналогово-цифровые кухонные весы глянцевый, эстетика 50's Style	Analog and digital Kitchen Scale Glossy 50's Style Aesthetic	Անալոգային և թվային խոհանոցային կշեռք փայլուն, 50's Style էսթետիկա
Kitchen Scales|digital kitchen scale , matt collezione aesthetic	Kitchen Scales|digital kitchen scale , matt collezione aesthetic	4	4	Цифровые кухонные весы матовый, эстетика Collezione	Цифровые кухонные весы матовый, эстетика Collezione	Digital Kitchen Scale Matt Collezione Aesthetic	Թվային խոհանոցային կշեռք մատ, Collezione էսթետիկա
KLF03-GLOSS	KLF03-GLOSS	9	9	Электрический чайник эстетика 50's Style	Электрический чайник эстетика 50's Style	electric kettle 50's Style aesthetic	Էլեկտրական թեյնիկ 50's Style էսթետիկա
KLF03-MATT	KLF03-MATT	6	6	Электрический чайник эстетика 50's Style	Электрический чайник эстетика 50's Style	electric kettle 50's Style aesthetic	Էլեկտրական թեյնիկ 50's Style էսթետիկա
Knife block|knife block 50's style	Knife block|knife block 50's style	4	4	Подставка для ножей 50's Style	Подставка для ножей 50's Style	Knife block 50's Style	Դանակների կանգնակ 50's Style
Lighting|suspended lighting rail frame isola aesthetic	Lighting|suspended lighting rail frame isola aesthetic	2	2	Подвесная световая рейка, рамка из нержавеющей стали, эстетика Isola	Подвесная световая рейка, рамка из нержавеющей стали, эстетика Isola	Suspended lighting rail frame Isola aesthetic	Կախված լուսավորության ռելս շրջանակ, Isola էսթետիկա
Microwave|microwave built-in coloniale aesthetic line	Microwave|microwave built-in coloniale aesthetic line	2	2	Встраиваемая микроволновая печь линия Coloniale	Встраиваемая микроволновая печь линия Coloniale	Microwave Built-in Coloniale aesthetic line	Ներկառուցվող միկրոալիքային վառարան Coloniale էսթետիկա
Microwave|microwave combi oven | countertop installation, matt finishing collezione aesthetic	Microwave|microwave combi oven | countertop installation, matt finishing collezione aesthetic	4	4	Комбинированная микроволновая печь настольная, матовая, эстетика Collezione	Комбинированная микроволновая печь настольная, матовая, эстетика Collezione	Microwave combi oven | Countertop installation, matt finishing Collezione aesthetic	Համակցված միկրոալիքային վառարան սեղանի, մատ, Collezione էսթետիկա
Microwave|microwave oven with grill | countertop installation, matt finishing collezione aesthetic	Microwave|microwave oven with grill | countertop installation, matt finishing collezione aesthetic	4	4	Микроволновая печь с грилем настольная, матовая, эстетика Collezione	Микроволновая печь с грилем настольная, матовая, эстетика Collezione	Microwave oven with grill | Countertop installation, matt finishing Collezione aesthetic	Միկրոալիքային վառարան գրիլով սեղանի, մատ, Collezione էսթետիկա
Microwave|microwave with grill built-in cortina aesthetic line	Microwave|microwave with grill built-in cortina aesthetic line	2	2	Встраиваемая микроволновая печь с грилем линия Cortina	Встраиваемая микроволновая печь с грилем линия Cortina	Microwave with grill Built-in Cortina aesthetic line	Ներկառուցվող միկրոալիքային վառարան գրիլով Cortina էսթետիկա
Microwave|microwave with grill built-in linea aesthetic line	Microwave|microwave with grill built-in linea aesthetic line	2	5	Встраиваемая микроволновая печь с грилем линия Linea	Встраиваемая микроволновая печь с грилем линия Linea	Microwave with grill Built-in Linea aesthetic line	Ներկառուցվող միկրոալիքային վառարան գրիլով Linea էսթետիկա
Microwave|microwave with grill built-in universale aesthetic line	Microwave|microwave with grill built-in universale aesthetic line	2	3	Встраиваемая микроволновая печь с грилем линия Universale	Встраиваемая микроволновая печь с грилем линия Universale	Microwave with grill Built-in Universale aesthetic line	Ներկառուցվող միկրոալիքային վառարան գրիլով Universale էսթետիկա
Microwave|microwave with grill countertop universale aesthetic line	Microwave|microwave with grill countertop universale aesthetic line	2	3	Настольная микроволновая печь с грилем линия Universale	Настольная микроволновая печь с грилем линия Universale	Microwave with grill Countertop Universale aesthetic line	Սեղանի միկրոալիքային վառարան գրիլով Universale էսթետիկա
Milk Frother|milk frother 50's style aesthetic	Milk Frother|milk frother 50's style aesthetic	6	7	Вспениватель молока эстетика 50's Style	Вспениватель молока эстетика 50's Style	Milk Frother 50's Style Aesthetic	Կաթի փրփրացուցիչ 50's Style էսթետիկա
MULTI-FUNCTION MILK FROTHER	MULTI-FUNCTION MILK FROTHER	7	7	Вспениватель молока эстетика 50's Style	Вспениватель молока эстетика 50's Style	Milk Frother 50's Style Aesthetic	Կաթի փրփրացուցիչ 50's Style էսթետիկա
Non insulated bottle|urban bottle one-litre | smeg x 24bottles 50's style aesthetic	Non insulated bottle|urban bottle one-litre | smeg x 24bottles 50's style aesthetic	4	4	Urban Bottle one-litre SMEG x 24Bottles, 1 л, эстетика 50's Style	Urban Bottle one-litre SMEG x 24Bottles, 1 л, эстетика 50's Style	Urban Bottle one-litre | SMEG x 24Bottles 50's style aesthetic	Urban Bottle one-litre SMEG x 24Bottles, 1 л, 50's Style էսթետիկա
Oven|combi microwave oven | galileo technology 45 cm classica aesthetic line	Oven|combi microwave oven | galileo technology 45 cm classica aesthetic line	2	4	Комбинированная микроволновая печь | Galileo technology 45 см, линия Classica	Комбинированная микроволновая печь | Galileo technology 45 см, линия Classica	Combi Microwave Oven | Galileo technology 45 cm Classica aesthetic line	Համակցված միկրոալիքային վառարան | Galileo technology 45 սմ, Classica էսթետիկա
Oven|combi microwave oven | galileo technology 45 cm linea aesthetic line	Oven|combi microwave oven | galileo technology 45 cm linea aesthetic line	2	5	Комбинированная микроволновая печь | Galileo technology 45 см, линия Linea	Комбинированная микроволновая печь | Galileo technology 45 см, линия Linea	Combi Microwave Oven | Galileo technology 45 cm Linea aesthetic line	Համակցված միկրոալիքային վառարան | Galileo technology 45 սմ, Linea էսթետիկա
Oven|combi microwave oven | galileo technology 45 cm musa aesthetic line	Oven|combi microwave oven | galileo technology 45 cm musa aesthetic line	2	4	Комбинированная микроволновая печь | Galileo technology 45 см, линия Musa	Комбинированная микроволновая печь | Galileo technology 45 см, линия Musa	Combi Microwave Oven | Galileo technology 45 cm Musa aesthetic line	Համակցված միկրոալիքային վառարան | Galileo technology 45 սմ, Musa էսթետիկա
Oven|combi microwave oven | galileo technology 45 cm victoria aesthetic line	Oven|combi microwave oven | galileo technology 45 cm victoria aesthetic line	3	3	Комбинированная микроволновая печь | Galileo technology 45 см, линия Victoria	Комбинированная микроволновая печь | Galileo technology 45 см, линия Victoria	Combi Microwave Oven | Galileo technology 45 cm Victoria aesthetic line	Համակցված միկրոալիքային վառարան | Galileo technology 45 սմ, Victoria էսթետիկա
Oven|combi microwave oven | galileo technology 60 cm classica aesthetic line	Oven|combi microwave oven | galileo technology 60 cm classica aesthetic line	2	2	Комбинированная микроволновая печь | Galileo technology 60 см, линия Classica	Комбинированная микроволновая печь | Galileo technology 60 см, линия Classica	Combi Microwave Oven | Galileo technology 60 cm Classica aesthetic line	Համակցված միկրոալիքային վառարան | Galileo technology 60 սմ, Classica էսթետիկա
Oven|combi microwave oven | galileo technology 60 cm linea aesthetic line	Oven|combi microwave oven | galileo technology 60 cm linea aesthetic line	2	5	Комбинированная микроволновая печь | Galileo technology 60 см, линия Linea	Комбинированная микроволновая печь | Galileo technology 60 см, линия Linea	Combi Microwave Oven | Galileo technology 60 cm Linea aesthetic line	Համակցված միկրոալիքային վառարան | Galileo technology 60 սմ, Linea էսթետիկա
Oven|combi microwave oven | galileo technology 60 cm musa aesthetic line	Oven|combi microwave oven | galileo technology 60 cm musa aesthetic line	2	4	Комбинированная микроволновая печь | Galileo technology 60 см, линия Musa	Комбинированная микроволновая печь | Galileo technology 60 см, линия Musa	Combi Microwave Oven | Galileo technology 60 cm Musa aesthetic line	Համակցված միկրոալիքային վառարան | Galileo technology 60 սմ, Musa էսթետիկա
Oven|combi steam oven | galileo technology 45 cm linea aesthetic line	Oven|combi steam oven | galileo technology 45 cm linea aesthetic line	2	4	Комбинированный пароварочный шкаф | Galileo technology 45 см, линия Linea	Комбинированный пароварочный шкаф | Galileo technology 45 см, линия Linea	Combi Steam Oven | Galileo technology 45 cm Linea aesthetic line	Համակցված գոլորշու ջեռոց | Galileo technology 45 սմ, Linea էսթետիկա
Oven|combi steam oven | galileo technology 45 cm musa aesthetic line	Oven|combi steam oven | galileo technology 45 cm musa aesthetic line	2	2	Комбинированный пароварочный шкаф | Galileo technology 45 см, линия Musa	Комбинированный пароварочный шкаф | Galileo technology 45 см, линия Musa	Combi Steam Oven | Galileo technology 45 cm Musa aesthetic line	Համակցված գոլորշու ջեռոց | Galileo technology 45 սմ, Musa էսթետիկա
Oven|combi steam oven | galileo technology 60 cm classica aesthetic line	Oven|combi steam oven | galileo technology 60 cm classica aesthetic line	2	5	Комбинированный пароварочный шкаф | Galileo technology 60 см, линия Classica	Комбинированный пароварочный шкаф | Galileo technology 60 см, линия Classica	Combi Steam Oven | Galileo technology 60 cm Classica aesthetic line	Համակցված գոլորշու ջեռոց | Galileo technology 60 սմ, Classica էսթետիկա
Oven|combi steam oven | galileo technology 60 cm linea aesthetic line	Oven|combi steam oven | galileo technology 60 cm linea aesthetic line	2	10	Комбинированный пароварочный шкаф | Galileo technology 60 см, линия Linea	Комбинированный пароварочный шкаф | Galileo technology 60 см, линия Linea	Combi Steam Oven | Galileo technology 60 cm Linea aesthetic line	Համակցված գոլորշու ջեռոց | Galileo technology 60 սմ, Linea էսթետիկա
Oven|combi steam oven | galileo technology 60 cm musa aesthetic line	Oven|combi steam oven | galileo technology 60 cm musa aesthetic line	3	12	Комбинированный пароварочный шкаф | Galileo technology 60 см, линия Musa	Комбинированный пароварочный шкаф | Galileo technology 60 см, линия Musa	Combi Steam Oven | Galileo technology 60 cm Musa aesthetic line	Համակցված գոլորշու ջեռոց | Galileo technology 60 սմ, Musa էսթետիկա
Oven|combi steam oven | galileo technology 60 cm selezione aesthetic line	Oven|combi steam oven | galileo technology 60 cm selezione aesthetic line	2	4	Комбинированный пароварочный шкаф | Galileo technology 60 см, линия Selezione	Комбинированный пароварочный шкаф | Galileo technology 60 см, линия Selezione	Combi Steam Oven | Galileo technology 60 cm Selezione aesthetic line	Համակցված գոլորշու ջեռոց | Galileo technology 60 սմ, Selezione էսթետիկա
Oven|combi steam oven | galileo technology 60 cm victoria aesthetic line	Oven|combi steam oven | galileo technology 60 cm victoria aesthetic line	3	3	Комбинированный пароварочный шкаф | Galileo technology 60 см, линия Victoria	Комбинированный пароварочный шкаф | Galileo technology 60 см, линия Victoria	Combi Steam Oven | Galileo technology 60 cm Victoria aesthetic line	Համակցված գոլորշու ջեռոց | Galileo technology 60 սմ, Victoria էսթետիկա
Oven|fan assisted oven 60 cm coloniale aesthetic line	Oven|fan assisted oven 60 cm coloniale aesthetic line	2	2	Духовой шкаф с конвекцией 60 см, линия Coloniale	Духовой шкаф с конвекцией 60 см, линия Coloniale	Fan assisted Oven 60 cm Coloniale aesthetic line	Կոնվեկցիայով ջեռոց 60 սմ, Coloniale էսթետիկա
Oven|microwave with grill oven | galileo technology 45 cm classica aesthetic line	Oven|microwave with grill oven | galileo technology 45 cm classica aesthetic line	2	3	Микроволновая печь с грилем | Galileo technology 45 cm, линия Classica	Микроволновая печь с грилем | Galileo technology 45 cm, линия Classica	Microwave with grill Oven | Galileo technology 45 cm Classica aesthetic line	Միկրոալիքային վառարան գրիլով | Galileo technology 45 cm, Classica էսթետիկա
Oven|multitech oven | galileo technology 45 cm linea aesthetic line	Oven|multitech oven | galileo technology 45 cm linea aesthetic line	2	3	Мультитехнологичный духовой шкаф | Galileo technology 45 cm, линия Linea	Мультитехнологичный духовой шкаф | Galileo technology 45 cm, линия Linea	Multitech Oven | Galileo technology 45 cm Linea aesthetic line	Բազմատեխնոլոգիական ջեռոց | Galileo technology 45 cm, Linea էսթետիկա
Oven|multitech oven | galileo technology 60 cm classica aesthetic line	Oven|multitech oven | galileo technology 60 cm classica aesthetic line	2	2	Мультитехнологичный духовой шкаф | Galileo technology 60 cm, линия Classica	Мультитехнологичный духовой шкаф | Galileo technology 60 cm, линия Classica	Multitech Oven | Galileo technology 60 cm Classica aesthetic line	Բազմատեխնոլոգիական ջեռոց | Galileo technology 60 cm, Classica էսթետիկա
Oven|multitech oven | galileo technology 60 cm linea aesthetic line	Oven|multitech oven | galileo technology 60 cm linea aesthetic line	2	4	Мультитехнологичный духовой шкаф | Galileo technology 60 cm, линия Linea	Мультитехнологичный духовой шкаф | Galileo technology 60 cm, линия Linea	Multitech Oven | Galileo technology 60 cm Linea aesthetic line	Բազմատեխնոլոգիական ջեռոց | Galileo technology 60 cm, Linea էսթետիկա
Oven|multitech oven | galileo technology 60 cm musa aesthetic line	Oven|multitech oven | galileo technology 60 cm musa aesthetic line	2	2	Мультитехнологичный духовой шкаф | Galileo technology 60 cm, линия Musa	Мультитехнологичный духовой шкаф | Galileo technology 60 cm, линия Musa	Multitech Oven | Galileo technology 60 cm Musa aesthetic line	Բազմատեխնոլոգիական ջեռոց | Galileo technology 60 cm, Musa էսթետիկա
Oven|thermo-ventilated oven | galileo technology 60 cm linea aesthetic line	Oven|thermo-ventilated oven | galileo technology 60 cm linea aesthetic line	2	6	Духовой шкаф с термовентиляцией | Galileo technology 60 cm, линия Linea	Духовой шкаф с термовентиляцией | Galileo technology 60 cm, линия Linea	Thermo-ventilated Oven | Galileo technology 60 cm Linea aesthetic line	Ջեռոց տերմովենտիլյացիայով | Galileo technology 60 cm, Linea էսթետիկա
Oven|thermo-ventilated oven | galileo technology 60 cm musa aesthetic line	Oven|thermo-ventilated oven | galileo technology 60 cm musa aesthetic line	2	2	Духовой шкаф с термовентиляцией | Galileo technology 60 cm, линия Musa	Духовой шкаф с термовентиляцией | Galileo technology 60 cm, линия Musa	Thermo-ventilated Oven | Galileo technology 60 cm Musa aesthetic line	Ջեռոց տերմովենտիլյացիայով | Galileo technology 60 cm, Musa էսթետիկա
Oven|thermo-ventilated oven | galileo technology 60 cm victoria aesthetic line	Oven|thermo-ventilated oven | galileo technology 60 cm victoria aesthetic line	3	3	Духовой шкаф с термовентиляцией | Galileo technology 60 cm, линия Victoria	Духовой шкаф с термовентиляцией | Galileo technology 60 cm, линия Victoria	Thermo-ventilated Oven | Galileo technology 60 cm Victoria aesthetic line	Ջեռոց տերմովենտիլյացիայով | Galileo technology 60 cm, Victoria էսթետիկա
Oven|thermo-ventilated oven 60 cm classica aesthetic line	Oven|thermo-ventilated oven 60 cm classica aesthetic line	2	5	Духовой шкаф с термовентиляцией 60 cm, линия Classica	Духовой шкаф с термовентиляцией 60 cm, линия Classica	Thermo-ventilated Oven 60 cm Classica aesthetic line	Ջեռոց տերմովենտիլյացիայով 60 cm, Classica էսթետիկա
Oven|thermo-ventilated oven 60 cm musa aesthetic line	Oven|thermo-ventilated oven 60 cm musa aesthetic line	2	7	Духовой шкаф с термовентиляцией 60 cm, линия Musa	Духовой шкаф с термовентиляцией 60 cm, линия Musa	Thermo-ventilated Oven 60 cm Musa aesthetic line	Ջեռոց տերմովենտիլյացիայով 60 cm, Musa էսթետիկա
Oven|thermo-ventilated oven 60 cm selezione aesthetic line	Oven|thermo-ventilated oven 60 cm selezione aesthetic line	3	12	Духовой шкаф с термовентиляцией 60 cm, линия Selezione	Духовой шкаф с термовентиляцией 60 cm, линия Selezione	Thermo-ventilated Oven 60 cm Selezione aesthetic line	Ջեռոց տերմովենտիլյացիայով 60 cm, Selezione էսթետիկա
Oven|thermo-ventilated oven 60 cm victoria aesthetic line	Oven|thermo-ventilated oven 60 cm victoria aesthetic line	3	6	Духовой шкаф с термовентиляцией 60 cm, линия Victoria	Духовой шкаф с термовентиляцией 60 cm, линия Victoria	Thermo-ventilated Oven 60 cm Victoria aesthetic line	Ջեռոց տերմովենտիլյացիայով 60 cm, Victoria էսթետիկա
Oven|thermo-ventilated oven 90 cm classica aesthetic line	Oven|thermo-ventilated oven 90 cm classica aesthetic line	2	4	Духовой шкаф с термовентиляцией 90 cm, линия Classica	Духовой шкаф с термовентиляцией 90 cm, линия Classica	Thermo-ventilated Oven 90 cm Classica aesthetic line	Ջեռոց տերմովենտիլյացիայով 90 cm, Classica էսթետիկա
Portable cookers|portable induction cooker , matt collezione aesthetic	Portable cookers|portable induction cooker , matt collezione aesthetic	3	3	Переносная индукционная плита матовая, эстетика Collezione	Переносная индукционная плита матовая, эстетика Collezione	Portable induction cooker Matt Collezione Aesthetic	Շարժական ինդուկցիոն սալիկ մատ, Collezione էսթետիկա
Refrigerator|free standing refrigerator 2 doors & 2 drawers universale aesthetic	Refrigerator|free standing refrigerator 2 doors & 2 drawers universale aesthetic	2	4	Отдельностоящий холодильник, 2 двери и 2 ящика, эстетика Universale	Отдельностоящий холодильник, 2 двери и 2 ящика, эстетика Universale	Free standing refrigerator 2 Doors & 2 Drawers Universale Aesthetic	Առանձին կանգնող սառնարան, 2 դուռ և 2 դարակ, Universale էսթետիկա
Refrigerator|free standing refrigerator 4 doors coloniale aesthetic	Refrigerator|free standing refrigerator 4 doors coloniale aesthetic	2	2	Отдельностоящий холодильник, 4 двери, эстетика Coloniale	Отдельностоящий холодильник, 4 двери, эстетика Coloniale	Free standing refrigerator 4 Doors Coloniale Aesthetic	Առանձին կանգնող սառնարան, 4 դուռ, Coloniale էսթետիկա
Refrigerator|free standing refrigerator 4 doors universale aesthetic	Refrigerator|free standing refrigerator 4 doors universale aesthetic	5	9	Отдельностоящий холодильник, 4 двери, эстетика Universale	Отдельностоящий холодильник, 4 двери, эстетика Universale	Free standing refrigerator 4 Doors Universale Aesthetic	Առանձին կանգնող սառնարան, 4 դուռ, Universale էսթետիկա
Refrigerator|free standing refrigerator 4 doors victoria aesthetic	Refrigerator|free standing refrigerator 4 doors victoria aesthetic	3	3	Отдельностоящий холодильник, 4 двери, эстетика Victoria	Отдельностоящий холодильник, 4 двери, эстетика Victoria	Free standing refrigerator 4 Doors Victoria Aesthetic	Առանձին կանգնող սառնարան, 4 դուռ, Victoria էսթետիկա
Refrigerator|free standing refrigerator bottom mount coloniale aesthetic	Refrigerator|free standing refrigerator bottom mount coloniale aesthetic	2	4	Отдельностоящий холодильник с нижней морозильной камерой, эстетика Coloniale	Отдельностоящий холодильник с нижней морозильной камерой, эстетика Coloniale	Free standing refrigerator Bottom Mount Coloniale Aesthetic	Առանձին կանգնող սառնարան ստորին սառցախցիկով, Coloniale էսթետիկա
Refrigerator|free standing refrigerator bottom mount universale aesthetic	Refrigerator|free standing refrigerator bottom mount universale aesthetic	6	24	Отдельностоящий холодильник с нижней морозильной камерой Universale Aesthetic	Отдельностоящий холодильник с нижней морозильной камерой Universale Aesthetic	Free standing refrigerator Bottom Mount Universale Aesthetic	Ազատ տեղադրվող սառնարան՝ ներքևի մոնտաժով, Universale ոճի
Refrigerator|free standing refrigerator top mount universale aesthetic	Refrigerator|free standing refrigerator top mount universale aesthetic	4	9	Отдельностоящий холодильник с верхней морозильной камерой, эстетика Universale	Отдельностоящий холодильник с верхней морозильной камерой, эстетика Universale	Free standing refrigerator Top Mount Universale Aesthetic	Առանձին կանգնող սառնարան վերին սառցախցիկով, Universale էսթետիկա
Refrigerator|free standing refrigerator under counter universale aesthetic	Refrigerator|free standing refrigerator under counter universale aesthetic	2	5	Отдельностоящий холодильник, под столешницу, эстетика Universale	Отдельностоящий холодильник, под столешницу, эстетика Universale	Free standing refrigerator Under counter Universale Aesthetic	Առանձին կանգնող սառնարան, աշխատասեղանի տակ, Universale էսթետիկա
Refrigerator|glossy refrigerator 1530x601x728 mm free standing 50's style	Refrigerator|glossy refrigerator 1530x601x728 mm free standing 50's style	12	22	Холодильник глянцевый, 1530x601x728 мм, отдельностоящий, 50's Style	Холодильник глянцевый, 1530x601x728 мм, отдельностоящий, 50's Style	Glossy refrigerator 1530x601x728 mm Free standing 50's Style	Սառնարան փայլուն, 1530x601x728 մմ, առանձին կանգնող, 50's Style
Refrigerator|glossy refrigerator 1720x600x728 mm free standing 50's style	Refrigerator|glossy refrigerator 1720x600x728 mm free standing 50's style	11	21	Холодильник глянцевый, 1720x600x728 мм, отдельностоящий, 50's Style	Холодильник глянцевый, 1720x600x728 мм, отдельностоящий, 50's Style	Glossy refrigerator 1720x600x728 mm Free standing 50's Style	Սառնարան փայլուն, 1720x600x728 մմ, առանձին կանգնող, 50's Style
Refrigerator|glossy refrigerator 1921x796x805 mm free standing 50's style	Refrigerator|glossy refrigerator 1921x796x805 mm free standing 50's style	6	9	Холодильник, глянцевый, 1921x796x805 мм, отдельностоящий, 50-е гг. Стиль	Холодильник, глянцевый, 1921x796x805 мм, отдельностоящий, 50-е гг. Стиль	Glossy refrigerator 1921x796x805 mm Free standing 50's Style	Սառնարան փայլուն, 1921x796x805 մմ, առանձին կանգնող, 50's Style
Refrigerator|glossy refrigerator 1968x601x728 mm free standing 50's style	Refrigerator|glossy refrigerator 1968x601x728 mm free standing 50's style	11	20	Холодильник глянцевый, 1968x601x728 мм, отдельностоящий, 50's Style	Холодильник глянцевый, 1968x601x728 мм, отдельностоящий, 50's Style	Glossy refrigerator 1968x601x728 mm Free standing 50's Style	փայլուն սառնարան 1968x601x728 մմ, առանձին տեղադրվող, 50-ականների ոճ
Refrigerator|glossy refrigerator 2050x706x771 mm free standing 50's style	Refrigerator|glossy refrigerator 2050x706x771 mm free standing 50's style	6	9	Холодильник глянцевый, 2050x706x771 мм, отдельностоящий, 50's Style	Холодильник глянцевый, 2050x706x771 мм, отдельностоящий, 50's Style	Glossy refrigerator 2050x706x771 mm Free standing 50's Style	Սառնարան փայլուն, 2050x706x771 մմ, առանձին կանգնող, 50's Style
Refrigerator|matt refrigerator 1530x601x728 mm free standing 50's style	Refrigerator|matt refrigerator 1530x601x728 mm free standing 50's style	8	8	Холодильник матовый, 1530x601x728 мм, отдельностоящий, 50's Style	Холодильник матовый, 1530x601x728 мм, отдельностоящий, 50's Style	Matt refrigerator 1530x601x728 mm Free standing 50's Style	Սառնարան մատ, 1530x601x728 մմ, առանձին կանգնող, 50's Style
Refrigerator|minibar refrigerator one door, free standing 50's style	Refrigerator|minibar refrigerator one door, free standing 50's style	9	42	Холодильник-минибар одна дверь, отдельностоящий, 50's Style	Холодильник-минибар одна дверь, отдельностоящий, 50's Style	Minibar Refrigerator One Door, Free standing 50's Style	մինիբար սառնարան մեկ դռնանի, առանձին տեղադրվող 50-ականների ոճով
Refrigerator|refrigerator 865x1280x815 mm free standing 50's style	Refrigerator|refrigerator 865x1280x815 mm free standing 50's style	5	5	холодильник 865x1280x815 мм, отдельностоящий, в стиле 50-х годов	холодильник 865x1280x815 мм, отдельностоящий, в стиле 50-х годов	refrigerator 865x1280x815 mm Free standing 50's Style	Սառնարան 865x1280x815 մմ, առանձին կանգնող, 50's Style
Sink|kitchen sink standard built-in universale aesthetic	Sink|kitchen sink standard built-in universale aesthetic	7	71	Кухонная мойка стандартная встраиваемая, эстетика Universale	Кухонная мойка стандартная встраиваемая, эстетика Universale	Kitchen sink Standard built-in Universale Aesthetic	Խոհանոցային լվացարան ստանդարտ ներկառուցվող, Universale էսթետիկա
Sink|kitchen sink standard, undermount built-in universale aesthetic	Sink|kitchen sink standard, undermount built-in universale aesthetic	5	11	Кухонная мойка стандартная подстольная встраиваемая, эстетика Universale	Кухонная мойка стандартная подстольная встраиваемая, эстетика Universale	Kitchen sink Standard, Undermount built-in Universale Aesthetic	Խոհանոցային լվացարան ստանդարտ, սեղանի տակ ներկառուցվող, Universale էսթետիկա
Sink|kitchen sink undermount built-in universale aesthetic	Sink|kitchen sink undermount built-in universale aesthetic	5	39	Кухонная мойка подстольная встраиваемая, эстетика Universale	Кухонная мойка подстольная встраиваемая, эстетика Universale	Kitchen sink Undermount built-in Universale Aesthetic	Խոհանոցային լվացարան սեղանի տակ ներկառուցվող, Universale էսթետիկա
Soda Maker|soda maker, matt finish collezione aesthetic	Soda Maker|soda maker, matt finish collezione aesthetic	4	4	Сифон для газирования матовый, эстетика Collezione	Сифон для газирования матовый, эстетика Collezione	Soda Maker Matt finish Collezione Aesthetic	Գազավորման սարք մատ, Collezione էսթետիկա
Toaster|2 extra-wide slots toaster 50's style aesthetic	Toaster|2 extra-wide slots toaster 50's style aesthetic	8	8	Тостер с 2 широкими слотами эстетика 50's Style	Тостер с 2 широкими слотами эстетика 50's Style	2 extra-wide slots Toaster 50's Style Aesthetic	Տոստեր 2 լայն բացվածքով 50's Style էսթետիկա
Toaster|4 slice toaster 50's style aesthetic	Toaster|4 slice toaster 50's style aesthetic	8	8	Тостер на 4 ломтика эстетика 50's Style	Тостер на 4 ломтика эстетика 50's Style	4 slice Toaster 50's Style Aesthetic	Տոստեր 4 կտորի 50's Style էսթետիկա
Toaster|glossy toaster 2‑slice, 2‑slot toaster 50's style aesthetic	Toaster|glossy toaster 2‑slice, 2‑slot toaster 50's style aesthetic	9	9	Тостер на 2 ломтика глянцевый, эстетика 50's Style	Тостер на 2 ломтика глянцевый, эстетика 50's Style	Glossy toaster 2‑slice, 2‑slot toaster 50's Style aesthetic	Տոստեր 2 կտորի փայլուն, 50's Style էսթետիկա
Toaster|matt toaster 2‑slice, 2‑slot toaster 50's style aesthetic	Toaster|matt toaster 2‑slice, 2‑slot toaster 50's style aesthetic	6	6	Тостер на 2 ломтика матовый, эстетика 50's Style	Тостер на 2 ломтика матовый, эстетика 50's Style	Matt toaster 2‑slice, 2‑slot toaster 50's Style aesthetic	Տոստեր 2 կտորի մատ, 50's Style էսթետիկա
